{
	"date_created": "2026-02-10T19:39:13",
	"level_name": "abcd.json",
	"objects": [
		{
			"pos": {
				"x": -1.05150842666626,
				"y": 1.73853278160095,
				"z": -2.79749274253845
			},
			"rot": {
				"x": 0.0,
				"y": 0.0,
				"z": 0.0
			},
			"scale": {
				"x": 1.0,
				"y": 1.0,
				"z": 1.0
			},
			"type": "Pot"
		},
		{
			"pos": {
				"x": 0.408090114593506,
				"y": 2.63397431373596,
				"z": -2.90371131896973
			},
			"rot": {
				"x": 0.0,
				"y": 0.0,
				"z": 0.0
			},
			"scale": {
				"x": 1.0,
				"y": 1.0,
				"z": 1.0
			},
			"type": "Plates"
		},
		{
			"pos": {
				"x": 1.7284437417984,
				"y": 2.09423232078552,
				"z": -2.45022487640381
			},
			"rot": {
				"x": 0.0,
				"y": 0.0,
				"z": 0.0
			},
			"scale": {
				"x": 1.0,
				"y": 1.0,
				"z": 1.0
			},
			"type": "Bottle"
		},
		{
			"pos": {
				"x": 0.826225638389587,
				"y": 3.57827425003052,
				"z": -1.24078679084778
			},
			"rot": {
				"x": 0.0,
				"y": 0.0,
				"z": 0.0
			},
			"scale": {
				"x": 1.0,
				"y": 1.0,
				"z": 1.0
			},
			"type": "bottle"
		}
	]
}